Workbook

Sheet Product
A2: ProductID | B2: Product | C2: Price
A3: 101 | B3: Product A | C3: 120
A4: 102 | B4: Product B | C4: 150
A5: 103 | B5: Product C | C5: 200
A6: 104 | B6: Product D | C6: 90
A7: 105 | B7: Product E | C7: 220
A8: 106 | B8: Product F | C8: 130

Sheet Order
A2: OrderID | B2: ProductID | C2: Quantity | D2: TotalPrice | E2: Product Name | F2: Product Status | G2: Original Price | H2: Apply 10% Discount | I2: Total Order Value | J2: Order status | K2: Total Quantity
A3: 1 | B3: 101 | C3: 2 | D3: =VLOOKUP(B3,Product!$A$2:$C$8,3,0)*C3 -> 240 | E3: =VLOOKUP(B3,Product!$A$2:$C$8,2,FALSE) -> Product A | F3: =IF(VLOOKUP(B3,Product!$A$2:$C$8,1,0),"Exist","NotExist") -> Exist | G3: =VLOOKUP(B3,Product!A$2:C$8,3,0) -> 120 | H3: =VLOOKUP(B3,Product!$A$2:$C$8,3,0)*0.9 -> 108 | I3: =VLOOKUP(B3,Product!$A$2:$C$8,3,0)*C3 -> 240 | J3: =IF(VLOOKUP(B3,Product!$A$2:$C$8,1,0),"Order","NotOrder") -> Order | K3: =SUMIF(Product!$A$2:$A$8,Order!B3,Order!$C$2:$C$8) -> 2
A4: 2 | B4: 103 | C4: 1 | D4: =VLOOKUP(B4,Product!$A$2:$C$8,3,0)*C4 -> 200 | E4: =VLOOKUP(B4,Product!$A$2:$C$8,2,FALSE) -> Product C | F4: =IF(VLOOKUP(B4,Product!$A$2:$C$8,1,0),"Exist","NotExist") -> Exist | G4: =VLOOKUP(B4,Product!A$2:C$8,3,0) -> 200 | H4: =VLOOKUP(B4,Product!$A$2:$C$8,3,0)*0.9 -> 180 | I4: =VLOOKUP(B4,Product!$A$2:$C$8,3,0)*C4 -> 200 | J4: =IF(VLOOKUP(B4,Product!$A$2:$C$8,1,0),"Order","NotOrder") -> Order | K4: =SUMIF(Product!$A$2:$A$8,Order!B4,Order!$C$2:$C$8) -> 4
A5: 3 | B5: 105 | C5: 4 | D5: =VLOOKUP(B5,Product!$A$2:$C$8,3,0)*C5 -> 880 | E5: =VLOOKUP(B5,Product!$A$2:$C$8,2,FALSE) -> Product E | F5: =IF(VLOOKUP(B5,Product!$A$2:$C$8,1,0),"Exist","NotExist") -> Exist | G5: =VLOOKUP(B5,Product!A$2:C$8,3,0) -> 220 | H5: =VLOOKUP(B5,Product!$A$2:$C$8,3,0)*0.9 -> 198 | I5: =VLOOKUP(B5,Product!$A$2:$C$8,3,0)*C5 -> 880 | J5: =IF(VLOOKUP(B5,Product!$A$2:$C$8,1,0),"Order","NotOrder") -> Order | K5: =SUMIF(Product!$A$2:$A$8,Order!B5,Order!$C$2:$C$8) -> 5
A6: 4 | B6: 106 | C6: 3 | D6: =VLOOKUP(B6,Product!$A$2:$C$8,3,0)*C6 -> 390 | E6: =VLOOKUP(B6,Product!$A$2:$C$8,2,FALSE) -> Product F | F6: =IF(VLOOKUP(B6,Product!$A$2:$C$8,1,0),"Exist","NotExist") -> Exist | G6: =VLOOKUP(B6,Product!A$2:C$8,3,0) -> 130 | H6: =VLOOKUP(B6,Product!$A$2:$C$8,3,0)*0.9 -> 117 | I6: =VLOOKUP(B6,Product!$A$2:$C$8,3,0)*C6 -> 390 | J6: =IF(VLOOKUP(B6,Product!$A$2:$C$8,1,0),"Order","NotOrder") -> Order | K6: =SUMIF(Product!$A$2:$A$8,Order!B6,Order!$C$2:$C$8) -> 6
A7: 5 | B7: 102 | C7: 5 | D7: =VLOOKUP(B7,Product!$A$2:$C$8,3,0)*C7 -> 750 | E7: =VLOOKUP(B7,Product!$A$2:$C$8,2,FALSE) -> Product B | F7: =IF(VLOOKUP(B7,Product!$A$2:$C$8,1,0),"Exist","NotExist") -> Exist | G7: =VLOOKUP(B7,Product!A$2:C$8,3,0) -> 150 | H7: =VLOOKUP(B7,Product!$A$2:$C$8,3,0)*0.9 -> 135 | I7: =VLOOKUP(B7,Product!$A$2:$C$8,3,0)*C7 -> 750 | J7: =IF(VLOOKUP(B7,Product!$A$2:$C$8,1,0),"Order","NotOrder") -> Order | K7: =SUMIF(Product!$A$2:$A$8,Order!B7,Order!$C$2:$C$8) -> 1
A8: 6 | B8: 104 | C8: 6 | D8: =VLOOKUP(B8,Product!$A$2:$C$8,3,0)*C8 -> 540 | E8: =VLOOKUP(B8,Product!$A$2:$C$8,2,FALSE) -> Product D | F8: =IF(VLOOKUP(B8,Product!$A$2:$C$8,1,0),"Exist","NotExist") -> Exist | G8: =VLOOKUP(B8,Product!A$2:C$8,3,0) -> 90 | H8: =VLOOKUP(B8,Product!$A$2:$C$8,3,0)*0.9 -> 81 | I8: =VLOOKUP(B8,Product!$A$2:$C$8,3,0)*C8 -> 540 | J8: =IF(VLOOKUP(B8,Product!$A$2:$C$8,1,0),"Order","NotOrder") -> Order | K8: =SUMIF(Product!$A$2:$A$8,Order!B8,Order!$C$2:$C$8) -> 3
J9: Maximum Order value
J10: =MAX(D3:D8) -> 880
